,loss,topk,val_loss,val_topk,lr
0,12.825601726770401,0.04695638152043102,5.263404846191406,0.0546875,0.00012637067906358824
1,11.61285600066185,0.2283121831715107,4.845400333404541,0.1015625,0.0003543998237464141
2,10.684929996728897,0.46093751350417733,4.6212334632873535,0.1393229216337204,0.0006420248004128736
3,10.06753808259964,0.5492757353931665,4.464569091796875,0.15625,0.000885735756769922
4,9.456747055053711,0.6375325741246343,4.44469690322876,0.1549479216337204,0.0009978265228350806
5,9.224398374557495,0.6517334152013063,4.351554870605469,0.1419270932674408,0.0009999998977554517
6,8.810370236635208,0.7190348468720913,4.318244934082031,0.1497395932674408,0.0009999995117788382
7,8.53032760322094,0.7604166883975267,4.309074401855469,0.1484375,0.0009999988385640526
8,8.063520982861519,0.8014730010181665,4.373256683349609,0.15234375,0.0009999978781114812
9,8.038625076413155,0.7925618719309568,4.30835485458374,0.15625,0.0009999966304216762
10,7.700108036398888,0.8238525595515966,4.211557865142822,0.1640625,0.000999995095495354
11,7.772056892514229,0.8102213758975267,4.323652744293213,0.1549479216337204,0.000999993273333397
12,7.718572899699211,0.8310140185058117,4.299444675445557,0.1640625,0.0009999911639368513
13,7.57627110183239,0.8140462450683117,4.264939785003662,0.1666666716337204,0.0009999887673069294
14,7.532782971858978,0.8314616084098816,4.319913387298584,0.1484375,0.0009999860834450079
15,7.286100327968597,0.8203938994556665,4.272364139556885,0.1549479216337204,0.0009999831123526284
16,7.062973618507385,0.8492431826889515,4.268852233886719,0.1627604216337204,0.0009999798540314983
17,7.178180828690529,0.8517659734934568,4.256826877593994,0.1510416716337204,0.0009999763084834893
18,7.215926334261894,0.8426920734345913,4.218013763427734,0.171875,0.000999972475710638
19,7.060216277837753,0.8512776885181665,4.232388973236084,0.171875,0.0009999683557151467
20,7.22250497341156,0.847859725356102,4.235682010650635,0.17578125,0.0009999639484993823
21,7.146132320165634,0.8574218973517418,4.259531497955322,0.1731770932674408,0.0009999592540658768
22,7.077673748135567,0.8398844581097364,4.304695129394531,0.1653645932674408,0.000999954272417327
23,7.3570805341005325,0.8414713721722364,4.256309509277344,0.1640625,0.0009999490035565949
24,6.936988487839699,0.8444010578095913,4.303184509277344,0.1510416716337204,0.0009999434474867073
25,7.12934173643589,0.8487142156809568,4.323389530181885,0.1536458432674408,0.0009999376042108565
26,6.960899233818054,0.8576253484934568,4.25634765625,0.1666666716337204,0.0009999314737323991
27,7.216457083821297,0.8458659015595913,4.248860836029053,0.1627604216337204,0.0009999250560548574
28,7.12763948738575,0.8455403838306665,4.2442450523376465,0.1627604216337204,0.0009999183511819182
29,7.6000106781721115,0.828857434913516,4.68960428237915,0.0924479216337204,0.0009999113591174333
30,9.582229495048523,0.671549504622817,4.3992438316345215,0.1328125,0.00099990407986542
31,8.859437987208366,0.7438151240348816,4.338075160980225,0.1484375,0.0009998965134300599
32,8.372526794672012,0.7949218936264515,4.335300445556641,0.1471354216337204,0.0009998886598157
33,8.142717212438583,0.7751871962100267,4.2531418800354,0.15234375,0.0009998805190268522
34,7.84836508333683,0.8343099169433117,4.198327541351318,0.1549479216337204,0.0009998720910681935
35,8.022204130887985,0.7947184424847364,4.16021728515625,0.1510416716337204,0.0009998633759445655
36,8.095735028386116,0.7891845963895321,4.145914554595947,0.1627604216337204,0.0009998543736609755
37,7.840489506721497,0.8144938331097364,4.193614959716797,0.1666666716337204,0.000999845084222595
38,7.534631431102753,0.8428548350930214,4.134487152099609,0.1640625,0.0009998355076347605
39,7.610808461904526,0.8299560714513063,4.169406890869141,0.1627604216337204,0.0009998256439029743
40,7.545973613858223,0.8371582236140966,4.1479973793029785,0.1744791716337204,0.000999815493032903
41,7.657421797513962,0.8148193582892418,4.204536437988281,0.15625,0.0009998050550303777
42,7.4758666306734085,0.8369140829890966,4.2153000831604,0.1536458432674408,0.0009997943299013957
43,7.297143682837486,0.8487549051642418,4.13796854019165,0.1770833432674408,0.0009997833176521183
44,7.496676802635193,0.8229573760181665,4.171291351318359,0.171875,0.0009997720182888723
45,7.2955771535634995,0.8529866747558117,4.1404595375061035,0.1627604216337204,0.0009997604318181489
46,7.331194743514061,0.8500569835305214,4.186930179595947,0.1627604216337204,0.0009997485582466045
47,7.291282534599304,0.8427327703684568,4.1555304527282715,0.15625,0.0009997363975810605
48,7.199062690138817,0.8498535323888063,4.188192844390869,0.1809895932674408,0.0009997239498285035
49,7.173350602388382,0.8248291276395321,4.246189117431641,0.171875,0.0009997112149960842
50,7.210533499717712,0.8444010578095913,,0.1471354216337204,0.0009996981930911193
51,7.192319571971893,0.8462321143597364,4.1551690101623535,0.15625,0.0009996848841210895
52,7.098845213651657,0.8298746943473816,4.170797824859619,0.16796875,0.0009996712880936411
53,7.078866735100746,0.8557129111140966,4.1645331382751465,0.171875,0.0009996574050165849
54,7.1681399047374725,0.8405761886388063,4.21679162979126,0.1614583432674408,0.0009996432348978964
55,7.132106423377991,0.8555094581097364,4.199113368988037,0.1627604216337204,0.0009996287777457168
56,7.258617028594017,0.8403727449476719,4.205045223236084,0.1627604216337204,0.0009996140335683515
57,7.111277848482132,0.8382568564265966,4.203446865081787,0.1588541716337204,0.0009995990023742712
58,6.964322537183762,0.8529459834098816,4.156705379486084,0.1640625,0.000999583684172111
59,7.040800556540489,0.8479411024600267,4.245568752288818,0.1666666716337204,0.0009995680789706715
60,6.971718892455101,0.8566894754767418,4.212139129638672,0.1549479216337204,0.0009995521867789178
61,7.1842425763607025,0.8267415594309568,4.258525848388672,0.15625,0.00099953600760598
62,6.916052281856537,0.8639323078095913,4.301966190338135,0.1432291716337204,0.000999519541461153
63,6.932148352265358,0.8597819227725267,4.3533616065979,0.14453125,0.0009995027883538963
64,7.021679773926735,0.8401692938059568,4.234046936035156,0.1666666716337204,0.0009994857482938351
65,7.31485678255558,0.844116223976016,4.310746669769287,0.1341145932674408,0.0009994684212907587
66,6.935610309243202,0.8568929247558117,4.22601842880249,0.1653645932674408,0.0009994508073546213
67,7.241860255599022,0.8329264540225267,4.163537502288818,0.1653645932674408,0.0009994329064955424
68,6.928474918007851,0.8609619345515966,4.168778896331787,0.1640625,0.0009994147187238056
69,6.982044741511345,0.8625895380973816,,0.1510416716337204,0.0009993962440498602
70,7.030749261379242,0.8333333563059568,4.2715606689453125,0.1588541716337204,0.0009993774824843195
71,7.024738535284996,0.8384603057056665,4.210054874420166,0.1627604216337204,0.0009993584340379626
72,7.102267429232597,0.8487142156809568,4.4068756103515625,0.125,0.0009993390987217323
73,8.396881997585297,0.7856038585305214,4.385141849517822,0.1393229216337204,0.0009993194765467368
74,8.734184443950653,0.7618001475930214,4.3779144287109375,0.12890625,0.0009992995675242493
75,8.797311767935753,0.7466227412223816,4.275781154632568,0.1536458432674408,0.0009992793716657074
76,8.386470526456833,0.7838948722928762,4.302925109863281,0.1484375,0.0009992588889827137
77,8.390763610601425,0.798665389418602,4.196938991546631,0.1588541716337204,0.0009992381194870352
78,8.088831797242165,0.807657903060317,4.180563449859619,0.1653645932674408,0.0009992170631906042
79,8.089837431907654,0.8093668855726719,4.2949395179748535,0.1471354216337204,0.0009991957201055176
80,8.099172234535217,0.8101806864142418,4.190638065338135,0.1640625,0.0009991740902440369
81,7.783993110060692,0.8216552939265966,4.186698913574219,0.1640625,0.0009991521736185884
82,7.5972374230623245,0.8380127120763063,4.177614688873291,0.1692708432674408,0.0009991299702417633
83,7.734937027096748,0.8346354346722364,4.288266658782959,0.1536458432674408,0.0009991074801263173
84,7.817936688661575,0.8219401258975267,4.218387603759766,0.1588541716337204,0.0009990847032851711
85,7.466190949082375,0.8286539893597364,4.169291019439697,0.1575520932674408,0.0009990616397314103
86,7.636336579918861,0.8291829638183117,4.118994235992432,0.1692708432674408,0.0009990382894782843
87,7.275661259889603,0.8469238448888063,4.1514892578125,0.1640625,0.000999014652539208
88,7.782006949186325,0.8253174014389515,4.3355584144592285,0.140625,0.000998990728927761
89,7.702533781528473,0.8259684387594461,4.1455535888671875,0.1705729216337204,0.0009989665186576875
90,7.801746651530266,0.8260498233139515,4.207294464111328,0.1510416716337204,0.000998942021742896
91,7.685681492090225,0.8306884970515966,4.17379903793335,0.1614583432674408,0.00099891723819746
92,7.712319478392601,0.8279215656220913,4.198130130767822,0.15625,0.0009988921680356177
93,7.496215268969536,0.8333333600312471,4.1758294105529785,0.1497395932674408,0.0009988668112717721
94,7.417301639914513,0.8441976103931665,4.24911642074585,0.1536458432674408,0.0009988411679204905
95,7.198919579386711,0.8420817255973816,4.1620192527771,0.1640625,0.000998815237996505
96,7.151028871536255,0.8456624560058117,4.1779937744140625,0.15625,0.0009987890215147122
97,7.285448253154755,0.8426106963306665,4.224193572998047,0.1471354216337204,0.0009987625184901738
98,7.316713199019432,0.8328450731933117,4.216803073883057,0.1666666716337204,0.0009987357289381155
99,7.102591827511787,0.8451334815472364,4.278756618499756,0.1510416716337204,0.000998708652873928
100,8.074323013424873,0.7905680574476719,4.492867946624756,0.0950520858168602,0.0009986812903131665
101,9.284357279539108,0.6782226786017418,4.4930572509765625,0.1184895858168602,0.0009986536412715508
102,9.196388095617294,0.6872965693473816,4.350852966308594,0.1236979216337204,0.000998625705764965
103,9.018560767173767,0.7164306845515966,4.316703796386719,0.1393229216337204,0.0009985974838094586
104,8.890712559223175,0.7341308798640966,4.33294153213501,0.1354166716337204,0.0009985689754212447
105,9.036239683628082,0.7091878466308117,4.222385406494141,0.1549479216337204,0.0009985401806167013
106,8.662075608968735,0.7549642119556665,4.220790863037109,0.1588541716337204,0.0009985110994123715
107,8.483862414956093,0.7731526903808117,4.207664489746094,0.1484375,0.0009984817318249618
108,8.311792269349098,0.7948405146598816,4.23144006729126,0.1419270932674408,0.0009984520778713445
109,8.13866999745369,0.8111979383975267,4.149697780609131,0.1588541716337204,0.0009984221375685552
110,8.044730216264725,0.8058675359934568,4.2058281898498535,0.15234375,0.0009983919109337951
111,7.743602484464645,0.8341064639389515,4.281569004058838,0.1510416716337204,0.0009983613979844292
112,7.882177323102951,0.8260905165225267,4.1820502281188965,0.1497395932674408,0.000998330598737987
113,7.989600852131844,0.8014730047434568,4.139246463775635,0.15625,0.0009982995132121629
114,7.858382135629654,0.8155517727136612,4.183377742767334,0.1419270932674408,0.0009982681414248157
115,7.96674570441246,0.8091227374970913,4.2243170738220215,0.1614583432674408,0.0009982364833939679
116,7.864303112030029,0.8171793781220913,4.172466278076172,0.1666666716337204,0.0009982045391378077
117,7.878557771444321,0.8176676630973816,4.251623630523682,0.1640625,0.0009981723086746866
118,7.860779449343681,0.8134765829890966,4.210201263427734,0.1510416716337204,0.0009981397920231212
119,7.681240081787109,0.8220621943473816,4.151551723480225,0.1627604216337204,0.0009981069892017922
120,7.9103037267923355,0.8170573133975267,4.17743444442749,0.1692708432674408,0.0009980739002295451
121,7.659187540411949,0.8260498251765966,4.203346252441406,0.16796875,0.000998040525125389
122,7.68102802336216,0.8310140147805214,4.153896331787109,0.1588541716337204,0.0009980068639084984
123,7.914842650294304,0.8203125186264515,4.174798488616943,0.1484375,0.0009979729165982116
124,7.952334031462669,0.8129476122558117,4.172473907470703,0.1432291716337204,0.000997938683214031
125,7.701045677065849,0.8284505400806665,4.13537073135376,0.1653645932674408,0.000997904163775624
126,7.796146482229233,0.8204752765595913,4.156485080718994,0.1484375,0.0009978693583028216
127,7.627719864249229,0.8310140147805214,4.112864017486572,0.1666666716337204,0.0009978342668156201
128,7.635419100522995,0.8332926612347364,4.160177707672119,0.1510416716337204,0.0009977988893341793
129,7.72941754758358,0.8220214992761612,4.107872009277344,0.1575520932674408,0.0009977632258788233
130,7.696008548140526,0.829996770247817,4.101094722747803,0.1549479216337204,0.0009977272764700412
131,7.664328724145889,0.8205159679055214,4.137481689453125,0.1692708432674408,0.0009976910411284856
132,7.779103919863701,0.8227132335305214,4.133842468261719,0.1666666716337204,0.0009976545198749737
133,7.4305238872766495,0.8372396007180214,4.123142242431641,0.1705729216337204,0.0009976177127304872
134,7.662165731191635,0.8294271044433117,4.242395877838135,0.15625,0.0009975806197161717
135,7.587847545742989,0.8247884344309568,4.1571221351623535,0.15625,0.000997543240853337
136,7.572403371334076,0.8370361551642418,4.12011194229126,0.1627604216337204,0.0009975055761634575
137,7.36230106651783,0.8369140811264515,4.167016506195068,0.16015625,0.0009974676256681715
138,7.460312709212303,0.8220621980726719,4.089623928070068,0.1731770932674408,0.0009974293893892812
139,7.379283919930458,0.8331299014389515,4.150594234466553,0.15234375,0.0009973908673487537
140,7.218401983380318,0.8411865402013063,4.132757663726807,0.1666666716337204,0.00099735205956872
141,7.296056181192398,0.8239746354520321,4.1378655433654785,0.16796875,0.0009973129660714748
142,7.664267912507057,0.8250732608139515,4.2069091796875,0.1510416716337204,0.0009972735868794774
143,7.614253118634224,0.8290201984345913,4.21151876449585,0.1419270932674408,0.0009972339220153514
144,7.725266814231873,0.8153890147805214,4.139585971832275,0.15625,0.000997193971501884
145,7.519049599766731,0.8203125186264515,4.096611022949219,0.1692708432674408,0.0009971537353620269
146,7.492819726467133,0.8294677957892418,4.105813503265381,0.1653645932674408,0.0009971132136188958
147,7.282459393143654,0.8399251513183117,4.11020040512085,0.171875,0.0009970724062957701
148,7.276204749941826,0.8315429873764515,4.230583190917969,0.1497395932674408,0.000997031313416094
149,7.389581114053726,0.8415120653808117,4.119471073150635,0.1614583432674408,0.0009969899350034755
150,7.362332120537758,0.8447672724723816,4.187408447265625,0.1614583432674408,0.0009969482710816858
151,7.60536602139473,0.8298746924847364,4.145864963531494,0.1627604216337204,0.0009969063216746616
152,7.198928818106651,0.8460286688059568,4.1509222984313965,0.1471354216337204,0.000996864086806502
153,7.401053354144096,0.8245035968720913,,0.1588541716337204,0.0009968215665014715
154,7.228495478630066,0.8462728001177311,4.200159549713135,0.1575520932674408,0.0009967787607839981
155,7.31790617108345,0.8407796416431665,4.20971155166626,0.171875,0.0009967356696786733
156,7.470568746328354,0.8401286005973816,4.1455230712890625,0.1640625,0.0009966922932102534
157,7.739860564470291,0.8134765848517418,4.139359951019287,0.16796875,0.0009966486314036576
158,7.370674252510071,0.8446045145392418,4.076192378997803,0.17578125,0.0009966046842839699
159,7.145818844437599,0.8371582273393869,4.094740390777588,0.1692708432674408,0.0009965604518764378
160,7.415794163942337,0.8371175304055214,,0.16796875,0.0009965159342064731
161,7.166874334216118,0.8606771063059568,4.317272186279297,0.1549479216337204,0.000996471131299651
162,7.708223327994347,0.8275960478931665,,0.15234375,0.0009964260431817107
163,7.57981912791729,0.8297526203095913,,0.1666666716337204,0.0009963806698785555
164,7.296672105789185,0.8386230636388063,4.110959529876709,0.15625,0.000996335011416252
165,7.370951533317566,0.8406982589513063,4.194746494293213,0.1510416716337204,0.0009962890678210314
166,7.358735233545303,0.8369140829890966,4.170024871826172,0.1614583432674408,0.0009962428391192882
167,7.437643051147461,0.8271484579890966,4.120342254638672,0.16796875,0.0009961963253375806
168,7.397084265947342,0.8441569190472364,4.133660793304443,0.1653645932674408,0.0009961495265026308
169,7.259464204311371,0.8153076414018869,4.242186069488525,0.1549479216337204,0.0009961024426413249
170,7.6064411252737045,0.8064371924847364,4.218936920166016,0.1536458432674408,0.0009960550737807123
171,7.751521483063698,0.8175049033015966,4.252021789550781,0.1393229216337204,0.0009960074199480066
172,7.642212375998497,0.8271077703684568,4.20647668838501,0.1653645932674408,0.0009959594811705852
173,7.260970637202263,0.8487955909222364,4.156454563140869,0.1627604216337204,0.0009959112574759884
174,7.375989019870758,0.8273925948888063,4.166700839996338,0.1653645932674408,0.0009958627488919208
175,7.498816817998886,0.8306884989142418,,0.1471354216337204,0.0009958139554462509
176,7.3687679916620255,0.8455403856933117,4.151639461517334,0.1614583432674408,0.0009957648771670101
177,7.535308003425598,0.8321126457303762,4.144111633300781,0.15234375,0.0009957155140823944
178,7.560985177755356,0.8335368074476719,4.27179479598999,0.14453125,0.0009956658662207624
179,7.538760855793953,0.8184407744556665,4.119164943695068,0.15234375,0.000995615933610637
180,7.439902305603027,0.8329264540225267,4.09839391708374,0.1666666716337204,0.0009955657162807044
181,7.095877766609192,0.8507894072681665,4.106679439544678,0.1653645932674408,0.0009955152142598145
182,7.406447187066078,0.8360188994556665,4.1053338050842285,0.1627604216337204,0.0009954644275769807
183,7.330505296587944,0.8454183135181665,4.205375671386719,0.1497395932674408,0.00099541335626138
184,7.473181053996086,0.8352864775806665,4.201348781585693,0.1536458432674408,0.0009953620003423527
185,7.47934390604496,0.8326009325683117,,0.1549479216337204,0.000995310359849403
186,7.34232822060585,0.8376465048640966,4.224559783935547,0.1640625,0.0009952584348121981
187,7.326765403151512,0.8330892138183117,4.171403408050537,0.1549479216337204,0.0009952062252605693
188,7.28632578253746,0.8472086824476719,4.2477593421936035,0.15234375,0.0009951537312245106
189,7.390943318605423,0.8194173388183117,4.143807888031006,0.15625,0.00099510095273418
190,7.296995222568512,0.8435872569680214,4.156777858734131,0.15625,0.0009950478898198985
191,7.3138745576143265,0.8418375831097364,4.143086910247803,0.1510416716337204,0.0009949945425121512
192,7.186975926160812,0.8492838703095913,4.132527828216553,0.1614583432674408,0.000994940910841586
193,7.156616657972336,0.8209228701889515,4.2064690589904785,0.140625,0.0009948869948390138
194,7.237637996673584,0.8457031473517418,4.145057678222656,0.15625,0.0009948327945354099
195,7.18397743999958,0.8408203385770321,4.21548318862915,0.1575520932674408,0.000994778309961912
196,7.495163053274155,0.8118489794433117,4.2199835777282715,0.14453125,0.0009947235411498217
197,7.534354716539383,0.8375651240348816,4.1593170166015625,0.1484375,0.0009946684881306036
198,7.494094043970108,0.8415527530014515,4.3507819175720215,0.1328125,0.0009946131509358858
199,8.004990249872208,0.8076172042638063,4.200374603271484,0.1484375,0.0009945575295974593
200,7.524797961115837,0.8209635596722364,4.119941711425781,0.1731770932674408,0.0009945016241472784
201,7.451870977878571,0.8347575049847364,4.195003509521484,0.1497395932674408,0.0009944454346174614
202,7.459582537412643,0.8270670752972364,4.145601749420166,0.1640625,0.0009943889610402885
203,7.228141471743584,0.8530273661017418,4.205647945404053,0.1588541716337204,0.0009943322034482041
204,7.368197664618492,0.8322754092514515,4.1611328125,0.1549479216337204,0.0009942751618738153
205,7.50736203789711,0.8280843291431665,4.191020965576172,0.1510416716337204,0.000994217836349893
206,7.459868341684341,0.8207601122558117,4.218120574951172,0.1458333432674408,0.0009941602269093698
207,7.197326570749283,0.8450521044433117,4.1692962646484375,0.1575520932674408,0.000994102333585343
208,7.27108895778656,0.8448486495763063,4.267195224761963,0.1549479216337204,0.000994044156411072
209,7.258842408657074,0.8300781436264515,4.253477573394775,0.1536458432674408,0.0009939856954199796
210,7.187276840209961,0.8416748270392418,4.313922882080078,0.1536458432674408,0.0009939269506456518
211,7.389172166585922,0.8370361533015966,4.21112585067749,0.16015625,0.0009938679221218373
212,7.181689411401749,0.8495280109345913,4.20763635635376,0.1731770932674408,0.000993808609882448
213,7.3299349546432495,0.8393961824476719,4.1855034828186035,0.15625,0.000993749013961559
214,7.270017325878143,0.8349609617143869,4.137892246246338,0.1588541716337204,0.000993689134393408
215,7.119809299707413,0.8368327002972364,4.177928924560547,0.15234375,0.0009936289712123955
216,7.242860168218613,0.8439941611140966,,0.1549479216337204,0.0009935685244530858
217,6.875290393829346,0.8661295734345913,,0.1497395932674408,0.000993507794150205
218,7.225198656320572,0.8432617392390966,4.208563327789307,0.17578125,0.0009934467803386431
219,7.286565586924553,0.8474935125559568,4.231896877288818,0.1692708432674408,0.0009933854830534523
220,7.316321432590485,0.8379720188677311,4.1209540367126465,0.1666666716337204,0.000993323902329848
221,6.982886418700218,0.8512776885181665,4.124996185302734,0.16796875,0.0009932620382032084
222,7.1052489429712296,0.8579101804643869,4.12286376953125,0.1640625,0.000993199890709074
223,7.0224931091070175,0.8437500242143869,4.1134185791015625,0.1627604216337204,0.000993137459883149
224,7.202844187617302,0.8412272296845913,4.139739990234375,0.1653645932674408,0.0009930747457612995
225,7.090341955423355,0.8461100459098816,,0.1744791716337204,0.0009930117483795552
226,7.193052291870117,0.8413086179643869,4.135169982910156,0.1549479216337204,0.0009929484677741079
227,7.116824150085449,0.8399658389389515,,0.16015625,0.0009928849039813122
228,7.031096458435059,0.8400879148393869,4.139762878417969,0.1705729216337204,0.0009928210570376854
229,7.155282810330391,0.8454183172434568,4.174635410308838,0.1588541716337204,0.0009927569269799078
230,7.235953629016876,0.8421631101518869,4.241293430328369,0.1536458432674408,0.000992692513844822
231,7.1232451647520065,0.846964543685317,,0.1588541716337204,0.0009926278176694335
232,7.404286280274391,0.8365885596722364,4.250101566314697,0.14453125,0.00099256283849091
233,7.330335050821304,0.8414306826889515,4.181860446929932,0.1536458432674408,0.0009924975763465822
234,7.196446806192398,0.8472900614142418,,0.1640625,0.0009924320312739432
235,7.166753992438316,0.8491211123764515,4.210353851318359,0.15234375,0.0009923662033106482
236,7.321888223290443,0.8396403193473816,4.237651824951172,0.15625,0.0009923000924945162
237,7.191550776362419,0.8544922098517418,4.157376766204834,0.1575520932674408,0.0009922336988635273
238,7.074216246604919,0.8494873195886612,4.124556064605713,0.1575520932674408,0.0009921670224558245
239,7.212206095457077,0.8494466356933117,4.140140533447266,0.1614583432674408,0.000992100063309714
240,7.198219358921051,0.8447672724723816,4.114284515380859,0.1536458432674408,0.000992032821463663
241,7.11173714697361,0.8564860243350267,4.1637139320373535,0.1536458432674408,0.0009919652969563027
242,7.339440703392029,0.8481445498764515,4.289095401763916,0.1354166716337204,0.0009918974898264253
243,7.449724867939949,0.8355713114142418,4.183187007904053,0.1510416716337204,0.0009918294001129864
244,7.274908035993576,0.8400065284222364,4.1587090492248535,0.1536458432674408,0.0009917610278551035
245,7.018136218190193,0.841471379622817,4.252779483795166,0.1471354216337204,0.0009916923730920561
246,7.26529386639595,0.8446045126765966,4.176177978515625,0.15234375,0.000991623435863287
247,7.029213100671768,0.8462728075683117,4.161763668060303,0.1471354216337204,0.0009915542162083999
248,7.210336774587631,0.8388265185058117,4.210565090179443,0.1497395932674408,0.000991484714167162
249,7.091256409883499,0.858723970130086,4.1497368812561035,0.171875,0.000991414929779502
250,7.02052316069603,0.8374837413430214,4.151510715484619,0.1588541716337204,0.000991344863085511
251,7.140437662601471,0.815266951918602,4.296433925628662,0.1393229216337204,0.0009912745141254426
252,7.248150020837784,0.8494466375559568,4.181146144866943,0.1666666716337204,0.0009912038829397118
253,7.137214288115501,0.8461507372558117,4.189577579498291,0.1497395932674408,0.0009911329695688966
254,7.304490491747856,0.8332112804055214,4.206617832183838,0.1393229216337204,0.0009910617740537366
255,7.294570758938789,0.8276774287223816,4.207653045654297,0.1588541716337204,0.0009909902964351334
256,7.2856107503175735,0.8391520418226719,4.381566524505615,0.13671875,0.0009909185367541512
257,8.145274370908737,0.8043619971722364,4.332969665527344,0.1393229216337204,0.0009908464950520157
258,7.802184388041496,0.8193766493350267,4.190419673919678,0.1458333432674408,0.0009907741713701152
259,7.545888438820839,0.8330078329890966,4.215923309326172,0.1497395932674408,0.0009907015657499992
260,7.458616629242897,0.8328450731933117,4.15841817855835,0.15234375,0.00099062867823338
261,7.3699891567230225,0.8336995653808117,4.17053747177124,0.1536458432674408,0.000990555508862131
262,7.36549685895443,0.8420410342514515,4.245553493499756,0.1471354216337204,0.0009904820576782886
263,7.422396257519722,0.8405761886388063,4.136600494384766,0.1666666716337204,0.0009904083247240499
264,7.342014670372009,0.8435058780014515,4.21380615234375,0.1432291716337204,0.000990334310041775
265,7.426306053996086,0.8379720263183117,4.256111145019531,0.1497395932674408,0.0009902600136739849
266,7.474864274263382,0.8420817274600267,4.1648688316345215,0.1536458432674408,0.0009901854356633632
267,7.524571657180786,0.8323161005973816,4.231834411621094,0.140625,0.0009901105760527545
268,7.2595325112342834,0.8516032081097364,4.264331817626953,0.1393229216337204,0.0009900354348851663
269,7.490559682250023,0.8392334170639515,4.230140686035156,0.1653645932674408,0.0009899600122037667
270,7.603875398635864,0.8295084834098816,4.214654445648193,0.1575520932674408,0.000989884308051886
271,7.26031568646431,0.8331705946475267,4.228285312652588,0.16796875,0.0009898083224730166
272,7.0410172045230865,0.8519694209098816,4.160438537597656,0.15234375,0.0009897320555108118
273,7.45735889673233,0.8352050948888063,4.32268762588501,0.1627604216337204,0.000989655507209087
274,7.56552030146122,0.8409424051642418,4.264994144439697,0.15234375,0.0009895786776118198
275,7.593078896403313,0.8334147315472364,4.2009758949279785,0.15625,0.000989501566763148
276,7.3755786418914795,0.831787122413516,4.180757999420166,0.1627604216337204,0.000989424174707372
277,7.307595476508141,0.8349609598517418,4.21386194229126,0.1666666716337204,0.000989346501488954
278,7.304109767079353,0.8335368018597364,4.15844202041626,0.1627604216337204,0.0009892685471525166
279,7.394491225481033,0.8356526922434568,4.247966766357422,0.140625,0.000989190311742845
280,7.184331551194191,0.8482259307056665,4.180856227874756,0.1549479216337204,0.0009891117953048853
281,7.2970812022686005,0.850260429084301,4.186357021331787,0.16796875,0.000989032997883745
282,7.314013063907623,0.8321126569062471,4.140811920166016,0.171875,0.0009889539195246935
283,7.289661347866058,0.8306885007768869,4.156949520111084,0.1796875,0.000988874560273161
284,7.095652937889099,0.8568929266184568,4.215745449066162,0.140625,0.0009887949201747397
285,7.357977122068405,0.8380534071475267,4.2350945472717285,0.15625,0.0009887149992751827
286,7.358798339962959,0.8472493682056665,4.180025577545166,0.16015625,0.0009886347976204044
287,7.3094087690114975,0.8229166865348816,4.1360297203063965,0.1640625,0.0009885543152564809
288,7.17000338435173,0.8482666201889515,4.13983678817749,0.1692708432674408,0.000988473552229649
289,7.1973133981227875,0.8354492373764515,4.197947025299072,0.16015625,0.0009883925085863074
290,7.482995495200157,0.827433293685317,4.26370096206665,0.13671875,0.0009883111843730155
291,7.328994333744049,0.8403320480138063,4.249595642089844,0.1536458432674408,0.000988229579636494
292,7.316776230931282,0.8465576395392418,4.174263000488281,0.140625,0.000988147694423625
293,7.313627645373344,0.8402506746351719,4.209742069244385,0.1536458432674408,0.0009880655287814511
294,7.356694310903549,0.8389892764389515,4.1252312660217285,0.1484375,0.000987983082757177
295,7.343348756432533,0.8420003429055214,4.157576084136963,0.15234375,0.0009879003563981678
296,7.337669417262077,0.8146159090101719,4.135103702545166,0.1575520932674408,0.0009878173497519494
297,7.2254925817251205,0.8472493700683117,4.123695373535156,0.171875,0.0009877340628662093
298,7.0869127959012985,0.8529052939265966,4.143899440765381,0.16796875,0.0009876504957887962
299,7.088588118553162,0.8415120653808117,4.137096405029297,0.16015625,0.000987566648567719
300,7.189381554722786,0.8377685751765966,4.188743591308594,0.1393229216337204,0.0009874825212511477
301,6.953155115246773,0.8545328974723816,4.141488552093506,0.1536458432674408,0.000987398113887414
302,7.1442199647426605,0.8456624541431665,4.148335933685303,0.16015625,0.0009873134265250096
303,7.060461342334747,0.8405761905014515,4.285552978515625,0.1432291716337204,0.0009872284592125874
304,7.148204177618027,0.8549397978931665,4.379969120025635,0.1432291716337204,0.0009871432119989611
305,7.550102055072784,0.8398030791431665,4.3536696434021,0.1302083432674408,0.0009870576849331054
306,7.419914692640305,0.8438314013183117,4.208143711090088,0.1497395932674408,0.0009869718780641551
307,7.501222416758537,0.833048528060317,4.228931427001953,0.1497395932674408,0.0009868857914414068
308,7.41057476401329,0.8275960516184568,4.265458583831787,0.14453125,0.000986799425114317
309,7.957944482564926,0.7958577647805214,4.391078948974609,0.1236979216337204,0.0009867127791325031
310,8.35853622853756,0.7647705338895321,4.397950649261475,0.1276041716337204,0.0009866258535457433
311,8.331450536847115,0.7620442919433117,4.218591213226318,0.12890625,0.0009865386484039765
312,8.152422979474068,0.7845866158604622,4.185598850250244,0.1341145932674408,0.0009864511637573017
313,8.001732662320137,0.8086344618350267,4.223758697509766,0.1575520932674408,0.000986363399655979
314,7.8143423944711685,0.8118896689265966,4.195098876953125,0.1432291716337204,0.0009862753561504288
315,7.717153772711754,0.8107096590101719,4.262556552886963,0.1458333432674408,0.000986187033291232
316,7.842199608683586,0.8166911043226719,4.131941318511963,0.1458333432674408,0.0009860984311291306
317,7.553427830338478,0.8248698115348816,4.129339694976807,0.1575520932674408,0.0009860095497150258
318,7.433574661612511,0.8352864794433117,4.229226589202881,0.1575520932674408,0.0009859203890999805
319,7.620540127158165,0.8241780810058117,4.220195770263672,0.14453125,0.000985830949335217
320,7.217955052852631,0.8456217627972364,4.191648006439209,0.1419270932674408,0.0009857412304721189
321,7.495187282562256,0.8271484598517418,4.241976261138916,0.1497395932674408,0.0009856512325622294
322,7.473736107349396,0.8299153819680214,4.149363040924072,0.15625,0.0009855609556572522
323,7.330496087670326,0.8242187704890966,4.195102691650391,0.1536458432674408,0.000985470399809052
324,7.397361770272255,0.8312988467514515,4.264396667480469,0.1328125,0.000985379565069652
325,7.271732494235039,0.8390299659222364,4.232177734375,0.1471354216337204,0.000985288451491238
326,7.4984957575798035,0.8326416239142418,4.181037902832031,0.1458333432674408,0.0009851970591261538
327,7.410708025097847,0.8291015811264515,4.167743682861328,0.1458333432674408,0.0009851053880269049
328,7.2935982793569565,0.8458252158015966,4.16559362411499,0.1549479216337204,0.0009850134382461558
329,7.374918982386589,0.8356526903808117,4.258884429931641,0.1536458432674408,0.0009849212098367321
330,7.515566408634186,0.8330485206097364,4.225252628326416,0.1471354216337204,0.0009848287028516188
331,7.354683816432953,0.8438720889389515,4.182720184326172,0.1549479216337204,0.0009847359173439612
332,7.385712206363678,0.8318278212100267,4.156053066253662,0.1432291716337204,0.0009846428533670645
333,7.322569042444229,0.8324381709098816,4.288796901702881,0.1302083432674408,0.000984549510974394
334,7.149745121598244,0.8527832198888063,,0.1510416716337204,0.0009844558902195749
335,7.113917723298073,0.8461914248764515,,0.15234375,0.0009843619911563922
336,7.069735616445541,0.8518066573888063,,0.1666666716337204,0.000984267813838791
337,7.435611575841904,0.8355713076889515,4.163781642913818,0.1458333432674408,0.0009841733583208763
338,7.113515347242355,0.8465983290225267,4.207956790924072,0.1536458432674408,0.0009840786246569126
339,7.41919606924057,0.8364257998764515,4.253106594085693,0.1471354216337204,0.0009839836129013244
340,7.682958588004112,0.8140869326889515,4.224008083343506,0.1432291716337204,0.0009838883231086959
341,7.458301976323128,0.8274739775806665,4.182605743408203,0.1484375,0.0009837927553337713
342,7.330727532505989,0.8413899894803762,4.2328948974609375,0.1549479216337204,0.0009836969096314542
343,7.455378890037537,0.8316650558263063,4.2785964012146,0.1432291716337204,0.0009836007860568076
344,7.424434915184975,0.8319092039018869,4.2268218994140625,0.1588541716337204,0.0009835043846650546
345,7.344708815217018,0.8358154520392418,4.243190765380859,0.1458333432674408,0.0009834077055115784
346,7.430540308356285,0.8302002120763063,4.205966949462891,0.1510416716337204,0.0009833107486519202
347,7.3808460384607315,0.8391113430261612,4.18682861328125,0.1588541716337204,0.0009832135141417827
348,7.0255042016506195,0.8479411005973816,4.292073726654053,0.140625,0.0009831160020370264
349,7.209287494421005,0.8394368663430214,4.282630920410156,0.15234375,0.0009830182123936719
350,7.301718786358833,0.8389078956097364,4.169352054595947,0.15234375,0.0009829201452679001
351,7.420392066240311,0.8187256064265966,4.1745171546936035,0.1458333432674408,0.0009828218007160497
352,7.200661137700081,0.8516438975930214,4.201244354248047,0.1510416716337204,0.0009827231787946204
353,7.306937083601952,0.8370361551642418,4.199623107910156,0.15234375,0.00098262427956027
354,7.110458597540855,0.8495280146598816,4.176438808441162,0.14453125,0.000982525103069816
355,7.0589975863695145,0.8468831535428762,4.187091827392578,0.13671875,0.0009824256493802357
356,7.323087558150291,0.8316243682056665,4.186242580413818,0.1458333432674408,0.000982325918548665
357,7.2756751626729965,0.8441569209098816,4.206812381744385,0.15625,0.0009822259106323991
358,7.300663650035858,0.8431396652013063,4.212095737457275,0.140625,0.0009821256256888932
359,7.620336413383484,0.8295084815472364,4.1869683265686035,0.1484375,0.0009820250637757601
360,7.174577534198761,0.8417562060058117,4.173079013824463,0.1536458432674408,0.000981924224950773
361,7.070258915424347,0.8551839385181665,4.259571075439453,0.1419270932674408,0.0009818231092718639
362,7.210609138011932,0.8390706554055214,4.231815338134766,0.1471354216337204,0.0009817217167971237
363,7.29710990190506,0.8432210478931665,,0.1575520932674408,0.0009816200475848023
364,7.086936205625534,0.8521728683263063,4.2566986083984375,0.1471354216337204,0.0009815181016933085
365,7.142075732350349,0.8361002784222364,4.199588775634766,0.1471354216337204,0.0009814158791812107
366,7.385196819901466,0.8269450068473816,4.192681789398193,0.15234375,0.0009813133801072351
367,7.288902655243874,0.8491211142390966,4.248531341552734,0.1341145932674408,0.0009812106045302678
368,7.306830912828445,0.8289388231933117,4.2181396484375,0.1380208432674408,0.000981107552509353
369,7.115600556135178,0.8434651922434568,4.2199578285217285,0.1458333432674408,0.0009810042241036948
370,7.3079942017793655,0.8405761942267418,4.229085445404053,0.15625,0.0009809006193726546
371,7.166770622134209,0.8365478739142418,4.147602081298828,0.1536458432674408,0.0009807967383757537
372,7.039058834314346,0.8415527511388063,4.165946960449219,0.1614583432674408,0.0009806925811726716
373,7.04208742082119,0.8444010596722364,4.249355316162109,0.1380208432674408,0.0009805881478232466
374,7.161535203456879,0.8386230692267418,4.227855682373047,0.1471354216337204,0.0009804834383874755
375,7.145763516426086,0.8438720908015966,4.2898101806640625,0.1510416716337204,0.0009803784529255142
376,7.388059422373772,0.8380940984934568,4.219033718109131,0.1419270932674408,0.0009802731914976767
377,7.3530043214559555,0.8422037940472364,4.140300750732422,0.1588541716337204,0.0009801676541644356
378,7.214225172996521,0.8441569171845913,4.220224857330322,0.1432291716337204,0.000980061840986422
379,7.127031475305557,0.8585205283015966,4.19427490234375,0.1380208432674408,0.0009799557520244258
380,7.151741236448288,0.8519694190472364,4.192208766937256,0.1497395932674408,0.000979849387339395
381,7.016919031739235,0.8529459815472364,4.269693851470947,0.1302083432674408,0.000979742746992436
382,7.058092415332794,0.8264974188059568,4.208030700683594,0.1614583432674408,0.0009796358310448137
383,7.255412995815277,0.8363851141184568,4.186620235443115,0.15625,0.0009795286395579514
384,7.265453949570656,0.8409424033015966,4.17186975479126,0.1588541716337204,0.0009794211725934305
385,7.3198863714933395,0.8402506709098816,4.19125509262085,0.15625,0.0009793134302129908
386,7.128410801291466,0.8524577002972364,4.2496018409729,0.1380208432674408,0.0009792054124785304
387,7.105946019291878,0.8522949423640966,4.171202182769775,0.15625,0.0009790971194521053
388,6.691368743777275,0.8656006008386612,4.168827056884766,0.1588541716337204,0.00097898855119593
389,6.939737886190414,0.8587239813059568,4.2589263916015625,0.15234375,0.0009788797077723765
390,7.165947809815407,0.8480224814265966,4.256192684173584,0.1653645932674408,0.000978770589243976
